method,frac_removed,prob,example_idx
ATTN,0.0,0.8331823348999023,0
ATTN,0.05,0.8307337164878845,0
ATTN,0.1,0.8544119596481323,0
ATTN,0.2,0.8260162472724915,0
ATTN,0.3,0.8179571032524109,0
ATTN,0.5,0.8879575729370117,0
ATTN,0.0,0.8532183170318604,1
ATTN,0.05,0.8421773910522461,1
ATTN,0.1,0.8638467192649841,1
ATTN,0.2,0.8986561298370361,1
ATTN,0.3,0.8920980095863342,1
ATTN,0.5,0.9112843871116638,1
ATTN,0.0,0.6460037231445312,2
ATTN,0.05,0.5326984524726868,2
ATTN,0.1,0.5846083164215088,2
ATTN,0.2,0.6791432499885559,2
ATTN,0.3,0.6776236295700073,2
ATTN,0.5,0.6290451884269714,2
ATTN,0.0,0.8492088913917542,3
ATTN,0.05,0.8522606492042542,3
ATTN,0.1,0.9133766293525696,3
ATTN,0.2,0.9082047939300537,3
ATTN,0.3,0.9287582635879517,3
ATTN,0.5,0.866278350353241,3
ATTN,0.0,0.9369283318519592,4
ATTN,0.05,0.9334945678710938,4
ATTN,0.1,0.930625319480896,4
ATTN,0.2,0.9437204003334045,4
ATTN,0.3,0.9520587921142578,4
ATTN,0.5,0.9529224634170532,4
ATTN,0.0,0.9312412142753601,5
ATTN,0.05,0.9405047297477722,5
ATTN,0.1,0.9417521953582764,5
ATTN,0.2,0.9379147291183472,5
ATTN,0.3,0.9403067231178284,5
ATTN,0.5,0.9399814605712891,5
ATTN,0.0,0.8511902093887329,6
ATTN,0.05,0.7869778871536255,6
ATTN,0.1,0.13620664179325104,6
ATTN,0.2,0.8224549889564514,6
ATTN,0.3,0.8049551844596863,6
ATTN,0.5,0.6544850468635559,6
ATTN,0.0,0.9513010382652283,7
ATTN,0.05,0.9513854384422302,7
ATTN,0.1,0.9486802220344543,7
ATTN,0.2,0.9491244554519653,7
ATTN,0.3,0.9427399039268494,7
ATTN,0.5,0.9377284049987793,7
ATTN,0.0,0.7092938423156738,8
ATTN,0.05,0.6760318279266357,8
ATTN,0.1,0.7453641295433044,8
ATTN,0.2,0.7297435998916626,8
ATTN,0.3,0.808411180973053,8
ATTN,0.5,0.1664174497127533,8
ATTN,0.0,0.9547447562217712,9
ATTN,0.05,0.9577313661575317,9
ATTN,0.1,0.9237784147262573,9
ATTN,0.2,0.8782619833946228,9
ATTN,0.3,0.4535970091819763,9
ATTN,0.5,0.2049105018377304,9
ATTN,0.0,0.9094365239143372,10
ATTN,0.05,0.9012360572814941,10
ATTN,0.1,0.9179760217666626,10
ATTN,0.2,0.935516893863678,10
ATTN,0.3,0.9391663074493408,10
ATTN,0.5,0.9373005032539368,10
ATTN,0.0,0.8033019304275513,11
ATTN,0.05,0.835917592048645,11
ATTN,0.1,0.8800160884857178,11
ATTN,0.2,0.8639981150627136,11
ATTN,0.3,0.8609908223152161,11
ATTN,0.5,0.8263427019119263,11
ATTN,0.0,0.9053274989128113,12
ATTN,0.05,0.914465606212616,12
ATTN,0.1,0.900753378868103,12
ATTN,0.2,0.920856237411499,12
ATTN,0.3,0.85208660364151,12
ATTN,0.5,0.8969264030456543,12
ATTN,0.0,0.7598718404769897,13
ATTN,0.05,0.6480771899223328,13
ATTN,0.1,0.4618328809738159,13
ATTN,0.2,0.3148884177207947,13
ATTN,0.3,0.2407875806093216,13
ATTN,0.5,0.3588581681251526,13
ATTN,0.0,0.9376199245452881,14
ATTN,0.05,0.9297806024551392,14
ATTN,0.1,0.9305221438407898,14
ATTN,0.2,0.9268589019775391,14
ATTN,0.3,0.9330830574035645,14
ATTN,0.5,0.9330682158470154,14
ATTN,0.0,0.8154821395874023,15
ATTN,0.05,0.8564868569374084,15
ATTN,0.1,0.8112327456474304,15
ATTN,0.2,0.5506219863891602,15
ATTN,0.3,0.7705127596855164,15
ATTN,0.5,0.9152269959449768,15
ATTN,0.0,0.8953236937522888,16
ATTN,0.05,0.8441014289855957,16
ATTN,0.1,0.8212774395942688,16
ATTN,0.2,0.8924660682678223,16
ATTN,0.3,0.9343167543411255,16
ATTN,0.5,0.9256277680397034,16
ATTN,0.0,0.9258288145065308,17
ATTN,0.05,0.9256940484046936,17
ATTN,0.1,0.925025463104248,17
ATTN,0.2,0.9122436046600342,17
ATTN,0.3,0.8544874787330627,17
ATTN,0.5,0.9274716377258301,17
ATTN,0.0,0.9191759824752808,18
ATTN,0.05,0.9355143904685974,18
ATTN,0.1,0.9422023892402649,18
ATTN,0.2,0.9463114142417908,18
ATTN,0.3,0.9459811449050903,18
ATTN,0.5,0.9493226408958435,18
ATTN,0.0,0.9218934178352356,19
ATTN,0.05,0.9268125295639038,19
ATTN,0.1,0.9248444437980652,19
ATTN,0.2,0.9024896621704102,19
ATTN,0.3,0.8812050819396973,19
ATTN,0.5,0.9420784115791321,19
ATTN,0.0,0.9069944024085999,20
ATTN,0.05,0.8835399150848389,20
ATTN,0.1,0.9019527435302734,20
ATTN,0.2,0.9065420627593994,20
ATTN,0.3,0.8049361109733582,20
ATTN,0.5,0.9019930958747864,20
ATTN,0.0,0.9266514778137207,21
ATTN,0.05,0.9275310039520264,21
ATTN,0.1,0.9273994565010071,21
ATTN,0.2,0.9293085336685181,21
ATTN,0.3,0.9168019890785217,21
ATTN,0.5,0.9295560717582703,21
ATTN,0.0,0.8972264528274536,22
ATTN,0.05,0.9084018468856812,22
ATTN,0.1,0.8512545824050903,22
ATTN,0.2,0.8806702494621277,22
ATTN,0.3,0.7860856652259827,22
ATTN,0.5,0.2069547325372696,22
ATTN,0.0,0.38411855697631836,23
ATTN,0.05,0.2895743250846863,23
ATTN,0.1,0.1476449817419052,23
ATTN,0.2,0.022662373259663582,23
ATTN,0.3,0.023839903995394707,23
ATTN,0.5,0.020499372854828835,23
ATTN,0.0,0.9477038383483887,24
ATTN,0.05,0.9467823505401611,24
ATTN,0.1,0.9474274516105652,24
ATTN,0.2,0.9470341801643372,24
ATTN,0.3,0.9479821920394897,24
ATTN,0.5,0.9456886053085327,24
ATTN,0.0,0.9293710589408875,25
ATTN,0.05,0.9247373938560486,25
ATTN,0.1,0.8875938653945923,25
ATTN,0.2,0.9259140491485596,25
ATTN,0.3,0.48909881711006165,25
ATTN,0.5,0.4472019672393799,25
ATTN,0.0,0.7162548899650574,26
ATTN,0.05,0.5101084113121033,26
ATTN,0.1,0.48291441798210144,26
ATTN,0.2,0.5836424827575684,26
ATTN,0.3,0.42699891328811646,26
ATTN,0.5,0.509387195110321,26
ATTN,0.0,0.7387443780899048,27
ATTN,0.05,0.7563008069992065,27
ATTN,0.1,0.5688556432723999,27
ATTN,0.2,0.5137510895729065,27
ATTN,0.3,0.8821430802345276,27
ATTN,0.5,0.9323471784591675,27
ATTN,0.0,0.9504015445709229,28
ATTN,0.05,0.9477041363716125,28
ATTN,0.1,0.9488648772239685,28
ATTN,0.2,0.9508949518203735,28
ATTN,0.3,0.8459941148757935,28
ATTN,0.5,0.7933682203292847,28
ATTN,0.0,0.9398070573806763,29
ATTN,0.05,0.9393296241760254,29
ATTN,0.1,0.9352827668190002,29
ATTN,0.2,0.897109866142273,29
ATTN,0.3,0.8951281309127808,29
ATTN,0.5,0.8937941789627075,29
ATTN,0.0,0.8996103405952454,30
ATTN,0.05,0.8817877173423767,30
ATTN,0.1,0.9075502753257751,30
ATTN,0.2,0.8561171889305115,30
ATTN,0.3,0.9038825631141663,30
ATTN,0.5,0.8832995891571045,30
ATTN,0.0,0.7414029836654663,31
ATTN,0.05,0.71059250831604,31
ATTN,0.1,0.29795950651168823,31
ATTN,0.2,0.42218297719955444,31
ATTN,0.3,0.9241717457771301,31
ATTN,0.5,0.8658238649368286,31
ATTN,0.0,0.8704299926757812,32
ATTN,0.05,0.8446232676506042,32
ATTN,0.1,0.8825198411941528,32
ATTN,0.2,0.854529857635498,32
ATTN,0.3,0.8895898461341858,32
ATTN,0.5,0.9299058318138123,32
ATTN,0.0,0.5204124450683594,33
ATTN,0.05,0.5690527558326721,33
ATTN,0.1,0.5162272453308105,33
ATTN,0.2,0.6880925297737122,33
ATTN,0.3,0.6220805048942566,33
ATTN,0.5,0.5858989953994751,33
ATTN,0.0,0.8627821207046509,34
ATTN,0.05,0.8558655381202698,34
ATTN,0.1,0.8489857316017151,34
ATTN,0.2,0.9011054635047913,34
ATTN,0.3,0.9260829091072083,34
ATTN,0.5,0.8492658138275146,34
ATTN,0.0,0.5729468464851379,35
ATTN,0.05,0.22959980368614197,35
ATTN,0.1,0.1867443323135376,35
ATTN,0.2,0.5166546106338501,35
ATTN,0.3,0.25818631052970886,35
ATTN,0.5,0.5446386933326721,35
ATTN,0.0,0.5064067840576172,36
ATTN,0.05,0.43552181124687195,36
ATTN,0.1,0.5931105613708496,36
ATTN,0.2,0.6188094019889832,36
ATTN,0.3,0.6269855499267578,36
ATTN,0.5,0.9281574487686157,36
ATTN,0.0,0.8075901865959167,37
ATTN,0.05,0.8075711131095886,37
ATTN,0.1,0.8344661593437195,37
ATTN,0.2,0.8655936121940613,37
ATTN,0.3,0.9241012930870056,37
ATTN,0.5,0.92950040102005,37
ATTN,0.0,0.9198698997497559,38
ATTN,0.05,0.9052001237869263,38
ATTN,0.1,0.8702065944671631,38
ATTN,0.2,0.9293451905250549,38
ATTN,0.3,0.9049369692802429,38
ATTN,0.5,0.11305202543735504,38
ATTN,0.0,0.6153514981269836,39
ATTN,0.05,0.8254181146621704,39
ATTN,0.1,0.8956140875816345,39
ATTN,0.2,0.9153262376785278,39
ATTN,0.3,0.858508825302124,39
ATTN,0.5,0.9369123578071594,39
ATTN,0.0,0.9471144676208496,40
ATTN,0.05,0.947920560836792,40
ATTN,0.1,0.948454737663269,40
ATTN,0.2,0.9465780854225159,40
ATTN,0.3,0.9443432688713074,40
ATTN,0.5,0.9355430006980896,40
ATTN,0.0,0.9494924545288086,41
ATTN,0.05,0.951002299785614,41
ATTN,0.1,0.8630583882331848,41
ATTN,0.2,0.9478776454925537,41
ATTN,0.3,0.9288869500160217,41
ATTN,0.5,0.05315506085753441,41
ATTN,0.0,0.9730010628700256,42
ATTN,0.05,0.9727336764335632,42
ATTN,0.1,0.9722377061843872,42
ATTN,0.2,0.9711517691612244,42
ATTN,0.3,0.9715375900268555,42
ATTN,0.5,0.971653163433075,42
ATTN,0.0,0.917948305606842,43
ATTN,0.05,0.9177504181861877,43
ATTN,0.1,0.9397221207618713,43
ATTN,0.2,0.9428191781044006,43
ATTN,0.3,0.944283664226532,43
ATTN,0.5,0.9255765676498413,43
ATTN,0.0,0.7519923448562622,44
ATTN,0.05,0.7263770699501038,44
ATTN,0.1,0.6180698275566101,44
ATTN,0.2,0.38532164692878723,44
ATTN,0.3,0.7328702211380005,44
ATTN,0.5,0.19123059511184692,44
ATTN,0.0,0.6982472538948059,45
ATTN,0.05,0.7429059147834778,45
ATTN,0.1,0.7573897242546082,45
ATTN,0.2,0.7539616227149963,45
ATTN,0.3,0.7238260507583618,45
ATTN,0.5,0.05582917854189873,45
ATTN,0.0,0.9126700758934021,46
ATTN,0.05,0.9071648716926575,46
ATTN,0.1,0.8857427835464478,46
ATTN,0.2,0.8800016641616821,46
ATTN,0.3,0.8226397633552551,46
ATTN,0.5,0.8139312267303467,46
ATTN,0.0,0.8702479600906372,47
ATTN,0.05,0.8976335525512695,47
ATTN,0.1,0.895504891872406,47
ATTN,0.2,0.900630533695221,47
ATTN,0.3,0.8818640112876892,47
ATTN,0.5,0.878521203994751,47
ATTN,0.0,0.9474089741706848,48
ATTN,0.05,0.9425951838493347,48
ATTN,0.1,0.9361593127250671,48
ATTN,0.2,0.9610779881477356,48
ATTN,0.3,0.9334783554077148,48
ATTN,0.5,0.6382853984832764,48
ATTN,0.0,0.9486541152000427,49
ATTN,0.05,0.9471225142478943,49
ATTN,0.1,0.942341685295105,49
ATTN,0.2,0.9388781785964966,49
ATTN,0.3,0.9387335181236267,49
ATTN,0.5,0.9404910206794739,49
ATTN,0.0,0.43756404519081116,50
ATTN,0.05,0.35269832611083984,50
ATTN,0.1,0.9055128693580627,50
ATTN,0.2,0.8435792922973633,50
ATTN,0.3,0.7732276916503906,50
ATTN,0.5,0.15765434503555298,50
ATTN,0.0,0.8733587265014648,51
ATTN,0.05,0.8888306617736816,51
ATTN,0.1,0.914523720741272,51
ATTN,0.2,0.9199778437614441,51
ATTN,0.3,0.924866259098053,51
ATTN,0.5,0.9369572401046753,51
ATTN,0.0,0.9137983918190002,52
ATTN,0.05,0.901099681854248,52
ATTN,0.1,0.9047821164131165,52
ATTN,0.2,0.9096712470054626,52
ATTN,0.3,0.896795392036438,52
ATTN,0.5,0.9315193295478821,52
ATTN,0.0,0.940527081489563,53
ATTN,0.05,0.9372912645339966,53
ATTN,0.1,0.9371024966239929,53
ATTN,0.2,0.9342856407165527,53
ATTN,0.3,0.9324274659156799,53
ATTN,0.5,0.9290075898170471,53
ATTN,0.0,0.9075518846511841,54
ATTN,0.05,0.9155146479606628,54
ATTN,0.1,0.9213560819625854,54
ATTN,0.2,0.9177827835083008,54
ATTN,0.3,0.921948254108429,54
ATTN,0.5,0.3787720203399658,54
ATTN,0.0,0.8706873655319214,55
ATTN,0.05,0.8927390575408936,55
ATTN,0.1,0.8857707977294922,55
ATTN,0.2,0.8713505268096924,55
ATTN,0.3,0.84702068567276,55
ATTN,0.5,0.9121118783950806,55
ATTN,0.0,0.9251002073287964,56
ATTN,0.05,0.9292353391647339,56
ATTN,0.1,0.9298036098480225,56
ATTN,0.2,0.9218977093696594,56
ATTN,0.3,0.9319702386856079,56
ATTN,0.5,0.9489141702651978,56
ATTN,0.0,0.9220744967460632,57
ATTN,0.05,0.9321004152297974,57
ATTN,0.1,0.9332185387611389,57
ATTN,0.2,0.9272234439849854,57
ATTN,0.3,0.9422112703323364,57
ATTN,0.5,0.9415773749351501,57
ATTN,0.0,0.927814245223999,58
ATTN,0.05,0.9184504151344299,58
ATTN,0.1,0.9255138635635376,58
ATTN,0.2,0.9244281053543091,58
ATTN,0.3,0.9257416725158691,58
ATTN,0.5,0.92555832862854,58
ATTN,0.0,0.9323779344558716,59
ATTN,0.05,0.9375342130661011,59
ATTN,0.1,0.9440252184867859,59
ATTN,0.2,0.9446581602096558,59
ATTN,0.3,0.9472495317459106,59
ATTN,0.5,0.955313503742218,59
ATTN,0.0,0.9018698334693909,60
ATTN,0.05,0.9209490418434143,60
ATTN,0.1,0.9321083426475525,60
ATTN,0.2,0.9339044690132141,60
ATTN,0.3,0.945599377155304,60
ATTN,0.5,0.9411077499389648,60
ATTN,0.0,0.7041329145431519,61
ATTN,0.05,0.5965328216552734,61
ATTN,0.1,0.6953814625740051,61
ATTN,0.2,0.7690278887748718,61
ATTN,0.3,0.5544119477272034,61
ATTN,0.5,0.5962240695953369,61
ATTN,0.0,0.895502507686615,62
ATTN,0.05,0.8059600591659546,62
ATTN,0.1,0.7947594523429871,62
ATTN,0.2,0.8737599849700928,62
ATTN,0.3,0.8473775386810303,62
ATTN,0.5,0.4420725703239441,62
ATTN,0.0,0.7112074494361877,63
ATTN,0.05,0.7306914925575256,63
ATTN,0.1,0.6316736340522766,63
ATTN,0.2,0.4922487735748291,63
ATTN,0.3,0.7086482644081116,63
ATTN,0.5,0.8583757281303406,63
ATTN,0.0,0.9082919955253601,64
ATTN,0.05,0.9209808707237244,64
ATTN,0.1,0.9226303696632385,64
ATTN,0.2,0.9093484878540039,64
ATTN,0.3,0.9325071573257446,64
ATTN,0.5,0.9396723508834839,64
ATTN,0.0,0.6947773098945618,65
ATTN,0.05,0.7390656471252441,65
ATTN,0.1,0.7155138254165649,65
ATTN,0.2,0.6406615376472473,65
ATTN,0.3,0.783200740814209,65
ATTN,0.5,0.7247733473777771,65
ATTN,0.0,0.97104811668396,66
ATTN,0.05,0.9701281785964966,66
ATTN,0.1,0.972224771976471,66
ATTN,0.2,0.9719549417495728,66
ATTN,0.3,0.9722847938537598,66
ATTN,0.5,0.9690807461738586,66
ATTN,0.0,0.8856005072593689,67
ATTN,0.05,0.8832213878631592,67
ATTN,0.1,0.900469958782196,67
ATTN,0.2,0.8843209147453308,67
ATTN,0.3,0.698711633682251,67
ATTN,0.5,0.6833519339561462,67
ATTN,0.0,0.9361022710800171,68
ATTN,0.05,0.9318429827690125,68
ATTN,0.1,0.9349597096443176,68
ATTN,0.2,0.8806777596473694,68
ATTN,0.3,0.9123886227607727,68
ATTN,0.5,0.9219631552696228,68
ATTN,0.0,0.9252353310585022,69
ATTN,0.05,0.9235692024230957,69
ATTN,0.1,0.9338681697845459,69
ATTN,0.2,0.9262149333953857,69
ATTN,0.3,0.9348627924919128,69
ATTN,0.5,0.9318554997444153,69
ATTN,0.0,0.9199290871620178,70
ATTN,0.05,0.9220015406608582,70
ATTN,0.1,0.880027174949646,70
ATTN,0.2,0.9048543572425842,70
ATTN,0.3,0.9407601952552795,70
ATTN,0.5,0.9270212650299072,70
ATTN,0.0,0.830591082572937,71
ATTN,0.05,0.8632329702377319,71
ATTN,0.1,0.8861468434333801,71
ATTN,0.2,0.8901253342628479,71
ATTN,0.3,0.9055138826370239,71
ATTN,0.5,0.8164013028144836,71
ATTN,0.0,0.9509657621383667,72
ATTN,0.05,0.9492165446281433,72
ATTN,0.1,0.9465869665145874,72
ATTN,0.2,0.9473081827163696,72
ATTN,0.3,0.9466936588287354,72
ATTN,0.5,0.95017009973526,72
ATTN,0.0,0.8785476088523865,73
ATTN,0.05,0.8884352445602417,73
ATTN,0.1,0.8829129338264465,73
ATTN,0.2,0.8819419145584106,73
ATTN,0.3,0.9051857590675354,73
ATTN,0.5,0.8284770250320435,73
ATTN,0.0,0.4319083094596863,74
ATTN,0.05,0.5689581632614136,74
ATTN,0.1,0.6065757870674133,74
ATTN,0.2,0.7094780206680298,74
ATTN,0.3,0.9029406905174255,74
ATTN,0.5,0.9059169292449951,74
ATTN,0.0,0.9636520147323608,75
ATTN,0.05,0.9636902809143066,75
ATTN,0.1,0.9531686902046204,75
ATTN,0.2,0.9630807638168335,75
ATTN,0.3,0.9636617302894592,75
ATTN,0.5,0.9134650230407715,75
ATTN,0.0,0.9435201287269592,76
ATTN,0.05,0.9469274878501892,76
ATTN,0.1,0.9475962519645691,76
ATTN,0.2,0.9485983848571777,76
ATTN,0.3,0.9455993175506592,76
ATTN,0.5,0.9441881775856018,76
ATTN,0.0,0.797544538974762,77
ATTN,0.05,0.8534269332885742,77
ATTN,0.1,0.8690401315689087,77
ATTN,0.2,0.8187923431396484,77
ATTN,0.3,0.11510135978460312,77
ATTN,0.5,0.9477787613868713,77
ATTN,0.0,0.9281049370765686,78
ATTN,0.05,0.9278016090393066,78
ATTN,0.1,0.925278902053833,78
ATTN,0.2,0.9238775968551636,78
ATTN,0.3,0.9348811507225037,78
ATTN,0.5,0.9247958660125732,78
ATTN,0.0,0.8254300355911255,79
ATTN,0.05,0.7435985207557678,79
ATTN,0.1,0.7734798789024353,79
ATTN,0.2,0.5115194320678711,79
ATTN,0.3,0.5566694140434265,79
ATTN,0.5,0.25337278842926025,79
ATTN,0.0,0.9724022746086121,80
ATTN,0.05,0.972279965877533,80
ATTN,0.1,0.9737958908081055,80
ATTN,0.2,0.9734864830970764,80
ATTN,0.3,0.9696901440620422,80
ATTN,0.5,0.9039198756217957,80
ATTN,0.0,0.9413067102432251,81
ATTN,0.05,0.9439475536346436,81
ATTN,0.1,0.9438823461532593,81
ATTN,0.2,0.9469411373138428,81
ATTN,0.3,0.950844943523407,81
ATTN,0.5,0.9498695731163025,81
ATTN,0.0,0.44069838523864746,82
ATTN,0.05,0.27317720651626587,82
ATTN,0.1,0.25393417477607727,82
ATTN,0.2,0.03420577570796013,82
ATTN,0.3,0.13645251095294952,82
ATTN,0.5,0.44711562991142273,82
ATTN,0.0,0.9164326190948486,83
ATTN,0.05,0.907230794429779,83
ATTN,0.1,0.9158459901809692,83
ATTN,0.2,0.9280601739883423,83
ATTN,0.3,0.9113609194755554,83
ATTN,0.5,0.9326686263084412,83
ATTN,0.0,0.587405264377594,84
ATTN,0.05,0.6166787147521973,84
ATTN,0.1,0.24507348239421844,84
ATTN,0.2,0.07266093790531158,84
ATTN,0.3,0.0379745289683342,84
ATTN,0.5,0.02386564388871193,84
ATTN,0.0,0.7706348299980164,85
ATTN,0.05,0.5470629334449768,85
ATTN,0.1,0.48238101601600647,85
ATTN,0.2,0.8559123873710632,85
ATTN,0.3,0.8486640453338623,85
ATTN,0.5,0.8998962640762329,85
ATTN,0.0,0.6240969300270081,86
ATTN,0.05,0.5903500318527222,86
ATTN,0.1,0.7930667996406555,86
ATTN,0.2,0.7203237414360046,86
ATTN,0.3,0.762153685092926,86
ATTN,0.5,0.2649666965007782,86
ATTN,0.0,0.8808848261833191,87
ATTN,0.05,0.890352725982666,87
ATTN,0.1,0.8979564905166626,87
ATTN,0.2,0.9010652899742126,87
ATTN,0.3,0.8876863718032837,87
ATTN,0.5,0.354915976524353,87
ATTN,0.0,0.6679190397262573,88
ATTN,0.05,0.7839023470878601,88
ATTN,0.1,0.6115089058876038,88
ATTN,0.2,0.5723535418510437,88
ATTN,0.3,0.7579752802848816,88
ATTN,0.5,0.6452204585075378,88
ATTN,0.0,0.9233621954917908,89
ATTN,0.05,0.9231707453727722,89
ATTN,0.1,0.9209415316581726,89
ATTN,0.2,0.9195222854614258,89
ATTN,0.3,0.8685959577560425,89
ATTN,0.5,0.9140228033065796,89
ATTN,0.0,0.5454805493354797,90
ATTN,0.05,0.5328502655029297,90
ATTN,0.1,0.5269424915313721,90
ATTN,0.2,0.6819295883178711,90
ATTN,0.3,0.6633322834968567,90
ATTN,0.5,0.865123987197876,90
ATTN,0.0,0.6508419513702393,91
ATTN,0.05,0.5295270681381226,91
ATTN,0.1,0.45564961433410645,91
ATTN,0.2,0.6578648090362549,91
ATTN,0.3,0.3024890720844269,91
ATTN,0.5,0.30749720335006714,91
ATTN,0.0,0.5181061029434204,92
ATTN,0.05,0.2759452760219574,92
ATTN,0.1,0.2673255205154419,92
ATTN,0.2,0.30680832266807556,92
ATTN,0.3,0.5752953290939331,92
ATTN,0.5,0.8872277736663818,92
ATTN,0.0,0.9386342167854309,93
ATTN,0.05,0.9386342167854309,93
ATTN,0.1,0.9333757162094116,93
ATTN,0.2,0.9334766864776611,93
ATTN,0.3,0.9307903051376343,93
ATTN,0.5,0.9029403328895569,93
ATTN,0.0,0.845201849937439,94
ATTN,0.05,0.811653733253479,94
ATTN,0.1,0.8664922714233398,94
ATTN,0.2,0.9109312891960144,94
ATTN,0.3,0.8554551601409912,94
ATTN,0.5,0.8323463797569275,94
ATTN,0.0,0.6446791887283325,95
ATTN,0.05,0.7210482358932495,95
ATTN,0.1,0.59779953956604,95
ATTN,0.2,0.6032036542892456,95
ATTN,0.3,0.67508864402771,95
ATTN,0.5,0.2145308256149292,95
ATTN,0.0,0.9582574963569641,96
ATTN,0.05,0.9561561942100525,96
ATTN,0.1,0.9254311919212341,96
ATTN,0.2,0.7103120684623718,96
ATTN,0.3,0.5852372050285339,96
ATTN,0.5,0.8722302317619324,96
ATTN,0.0,0.8954871892929077,97
ATTN,0.05,0.9003758430480957,97
ATTN,0.1,0.8966758847236633,97
ATTN,0.2,0.7589771151542664,97
ATTN,0.3,0.47184115648269653,97
ATTN,0.5,0.8791268467903137,97
ATTN,0.0,0.8097341656684875,98
ATTN,0.05,0.728178083896637,98
ATTN,0.1,0.6769534945487976,98
ATTN,0.2,0.5149991512298584,98
ATTN,0.3,0.31865832209587097,98
ATTN,0.5,0.8493325710296631,98
ATTN,0.0,0.6486188173294067,99
ATTN,0.05,0.8143374919891357,99
ATTN,0.1,0.48918265104293823,99
ATTN,0.2,0.6585925817489624,99
ATTN,0.3,0.20242580771446228,99
ATTN,0.5,0.06820343434810638,99
ATTN,0.0,0.9174439907073975,100
ATTN,0.05,0.9210377931594849,100
ATTN,0.1,0.9294489026069641,100
ATTN,0.2,0.9353272914886475,100
ATTN,0.3,0.9276438355445862,100
ATTN,0.5,0.9354572296142578,100
ATTN,0.0,0.9357924461364746,101
ATTN,0.05,0.9358495473861694,101
ATTN,0.1,0.9303476810455322,101
ATTN,0.2,0.9358164072036743,101
ATTN,0.3,0.9314903616905212,101
ATTN,0.5,0.9419626593589783,101
ATTN,0.0,0.7062097191810608,102
ATTN,0.05,0.7891759872436523,102
ATTN,0.1,0.9019539952278137,102
ATTN,0.2,0.9162037968635559,102
ATTN,0.3,0.93252032995224,102
ATTN,0.5,0.9112196564674377,102
ATTN,0.0,0.8906044960021973,103
ATTN,0.05,0.9110387563705444,103
ATTN,0.1,0.9373177886009216,103
ATTN,0.2,0.9418914914131165,103
ATTN,0.3,0.9539517164230347,103
ATTN,0.5,0.9477691650390625,103
ATTN,0.0,0.546290397644043,104
ATTN,0.05,0.6855227947235107,104
ATTN,0.1,0.16379697620868683,104
ATTN,0.2,0.34333041310310364,104
ATTN,0.3,0.07786538451910019,104
ATTN,0.5,0.05339326336979866,104
ATTN,0.0,0.8667656183242798,105
ATTN,0.05,0.8492072224617004,105
ATTN,0.1,0.877697229385376,105
ATTN,0.2,0.5245789885520935,105
ATTN,0.3,0.5887788534164429,105
ATTN,0.5,0.36589255928993225,105
ATTN,0.0,0.907627284526825,106
ATTN,0.05,0.9225646257400513,106
ATTN,0.1,0.9340747594833374,106
ATTN,0.2,0.9340602159500122,106
ATTN,0.3,0.9274666905403137,106
ATTN,0.5,0.9417133331298828,106
ATTN,0.0,0.9228875041007996,107
ATTN,0.05,0.9172492027282715,107
ATTN,0.1,0.9139063358306885,107
ATTN,0.2,0.6361812949180603,107
ATTN,0.3,0.423820823431015,107
ATTN,0.5,0.20784549415111542,107
ATTN,0.0,0.48438429832458496,108
ATTN,0.05,0.4562194347381592,108
ATTN,0.1,0.7539702653884888,108
ATTN,0.2,0.6559037566184998,108
ATTN,0.3,0.766086995601654,108
ATTN,0.5,0.8047978281974792,108
ATTN,0.0,0.9262725710868835,109
ATTN,0.05,0.9273905158042908,109
ATTN,0.1,0.9232110977172852,109
ATTN,0.2,0.9205501675605774,109
ATTN,0.3,0.910840630531311,109
ATTN,0.5,0.90506911277771,109
ATTN,0.0,0.7710474729537964,110
ATTN,0.05,0.7742408514022827,110
ATTN,0.1,0.6358303427696228,110
ATTN,0.2,0.42063069343566895,110
ATTN,0.3,0.45263367891311646,110
ATTN,0.5,0.5756118297576904,110
ATTN,0.0,0.9218700528144836,111
ATTN,0.05,0.9207484126091003,111
ATTN,0.1,0.9294357895851135,111
ATTN,0.2,0.931367039680481,111
ATTN,0.3,0.9448943138122559,111
ATTN,0.5,0.9423225522041321,111
ATTN,0.0,0.9355179667472839,112
ATTN,0.05,0.9380982518196106,112
ATTN,0.1,0.9372149705886841,112
ATTN,0.2,0.9409531950950623,112
ATTN,0.3,0.9393177032470703,112
ATTN,0.5,0.9431142807006836,112
ATTN,0.0,0.4912298321723938,113
ATTN,0.05,0.5562070608139038,113
ATTN,0.1,0.6030654907226562,113
ATTN,0.2,0.8316632509231567,113
ATTN,0.3,0.8170284032821655,113
ATTN,0.5,0.9020801186561584,113
ATTN,0.0,0.8217771053314209,114
ATTN,0.05,0.8103295564651489,114
ATTN,0.1,0.800270676612854,114
ATTN,0.2,0.7528892159461975,114
ATTN,0.3,0.34128299355506897,114
ATTN,0.5,0.23422405123710632,114
ATTN,0.0,0.7273194789886475,115
ATTN,0.05,0.07787175476551056,115
ATTN,0.1,0.11451112478971481,115
ATTN,0.2,0.04609767347574234,115
ATTN,0.3,0.1019487977027893,115
ATTN,0.5,0.6034597158432007,115
ATTN,0.0,0.9067487120628357,116
ATTN,0.05,0.9000585675239563,116
ATTN,0.1,0.9125358462333679,116
ATTN,0.2,0.8940274119377136,116
ATTN,0.3,0.8880532383918762,116
ATTN,0.5,0.8647418022155762,116
ATTN,0.0,0.6939612627029419,117
ATTN,0.05,0.5555511713027954,117
ATTN,0.1,0.5067359209060669,117
ATTN,0.2,0.5120816230773926,117
ATTN,0.3,0.4266830384731293,117
ATTN,0.5,0.610876202583313,117
ATTN,0.0,0.9240095019340515,118
ATTN,0.05,0.9199551939964294,118
ATTN,0.1,0.9207276701927185,118
ATTN,0.2,0.9237737059593201,118
ATTN,0.3,0.9357945919036865,118
ATTN,0.5,0.9221929311752319,118
ATTN,0.0,0.9727427959442139,119
ATTN,0.05,0.9727472066879272,119
ATTN,0.1,0.9713277816772461,119
ATTN,0.2,0.9676369428634644,119
ATTN,0.3,0.967107355594635,119
ATTN,0.5,0.9578487873077393,119
ATTN,0.0,0.9447847008705139,120
ATTN,0.05,0.9460605382919312,120
ATTN,0.1,0.9463691711425781,120
ATTN,0.2,0.9482022523880005,120
ATTN,0.3,0.9455245733261108,120
ATTN,0.5,0.9524185061454773,120
ATTN,0.0,0.7810932993888855,121
ATTN,0.05,0.7810932993888855,121
ATTN,0.1,0.7333337664604187,121
ATTN,0.2,0.7018558382987976,121
ATTN,0.3,0.5834951400756836,121
ATTN,0.5,0.39301714301109314,121
ATTN,0.0,0.9178164005279541,122
ATTN,0.05,0.9146838784217834,122
ATTN,0.1,0.914741039276123,122
ATTN,0.2,0.9285671710968018,122
ATTN,0.3,0.9085823893547058,122
ATTN,0.5,0.9308686852455139,122
ATTN,0.0,0.8319264650344849,123
ATTN,0.05,0.8687624931335449,123
ATTN,0.1,0.8577786684036255,123
ATTN,0.2,0.900446355342865,123
ATTN,0.3,0.9056336879730225,123
ATTN,0.5,0.9351994395256042,123
ATTN,0.0,0.9396792650222778,124
ATTN,0.05,0.9357675909996033,124
ATTN,0.1,0.9376673102378845,124
ATTN,0.2,0.8991081714630127,124
ATTN,0.3,0.8992453217506409,124
ATTN,0.5,0.8535199165344238,124
ATTN,0.0,0.42150652408599854,125
ATTN,0.05,0.16137297451496124,125
ATTN,0.1,0.9118315577507019,125
ATTN,0.2,0.9268928170204163,125
ATTN,0.3,0.942621648311615,125
ATTN,0.5,0.9355954527854919,125
ATTN,0.0,0.9467935562133789,126
ATTN,0.05,0.9441417455673218,126
ATTN,0.1,0.9331938028335571,126
ATTN,0.2,0.9415464997291565,126
ATTN,0.3,0.9312652349472046,126
ATTN,0.5,0.9108544588088989,126
ATTN,0.0,0.7197994589805603,127
ATTN,0.05,0.7469635009765625,127
ATTN,0.1,0.8811615109443665,127
ATTN,0.2,0.8059563636779785,127
ATTN,0.3,0.821648359298706,127
ATTN,0.5,0.8575931191444397,127
ATTN,0.0,0.9329774379730225,128
ATTN,0.05,0.9392287731170654,128
ATTN,0.1,0.9309381246566772,128
ATTN,0.2,0.9119061231613159,128
ATTN,0.3,0.9211848974227905,128
ATTN,0.5,0.917747437953949,128
ATTN,0.0,0.8827865123748779,129
ATTN,0.05,0.9139449596405029,129
ATTN,0.1,0.8992640972137451,129
ATTN,0.2,0.9050850868225098,129
ATTN,0.3,0.5671358704566956,129
ATTN,0.5,0.44944998621940613,129
ATTN,0.0,0.7419089078903198,130
ATTN,0.05,0.8702408075332642,130
ATTN,0.1,0.9365494847297668,130
ATTN,0.2,0.9055546522140503,130
ATTN,0.3,0.9266614317893982,130
ATTN,0.5,0.9218280911445618,130
ATTN,0.0,0.8881542682647705,131
ATTN,0.05,0.901241660118103,131
ATTN,0.1,0.9136707186698914,131
ATTN,0.2,0.8968302011489868,131
ATTN,0.3,0.8476706147193909,131
ATTN,0.5,0.8600819706916809,131
ATTN,0.0,0.7997397780418396,132
ATTN,0.05,0.823387622833252,132
ATTN,0.1,0.7643265128135681,132
ATTN,0.2,0.29307448863983154,132
ATTN,0.3,0.6822125911712646,132
ATTN,0.5,0.03960663452744484,132
ATTN,0.0,0.9288533926010132,133
ATTN,0.05,0.9249293804168701,133
ATTN,0.1,0.37866461277008057,133
ATTN,0.2,0.05745410919189453,133
ATTN,0.3,0.15552809834480286,133
ATTN,0.5,0.011756183579564095,133
ATTN,0.0,0.6609336137771606,134
ATTN,0.05,0.6181261539459229,134
ATTN,0.1,0.6003725528717041,134
ATTN,0.2,0.7738803625106812,134
ATTN,0.3,0.7737314701080322,134
ATTN,0.5,0.21433860063552856,134
ATTN,0.0,0.8265310525894165,135
ATTN,0.05,0.8070508241653442,135
ATTN,0.1,0.7980567216873169,135
ATTN,0.2,0.6027066707611084,135
ATTN,0.3,0.9225354790687561,135
ATTN,0.5,0.9359252452850342,135
ATTN,0.0,0.9633077383041382,136
ATTN,0.05,0.962422788143158,136
ATTN,0.1,0.9659774303436279,136
ATTN,0.2,0.9683182835578918,136
ATTN,0.3,0.9684186577796936,136
ATTN,0.5,0.9359784722328186,136
ATTN,0.0,0.7177676558494568,137
ATTN,0.05,0.8255642056465149,137
ATTN,0.1,0.32831722497940063,137
ATTN,0.2,0.19351676106452942,137
ATTN,0.3,0.32464635372161865,137
ATTN,0.5,0.2147938758134842,137
ATTN,0.0,0.744533360004425,138
ATTN,0.05,0.9148155450820923,138
ATTN,0.1,0.8972669839859009,138
ATTN,0.2,0.9178606867790222,138
ATTN,0.3,0.9180110692977905,138
ATTN,0.5,0.8497653007507324,138
ATTN,0.0,0.7983489632606506,139
ATTN,0.05,0.9465001225471497,139
ATTN,0.1,0.9571784138679504,139
ATTN,0.2,0.33215025067329407,139
ATTN,0.3,0.028249768540263176,139
ATTN,0.5,0.9639233946800232,139
ATTN,0.0,0.8611331582069397,140
ATTN,0.05,0.904207706451416,140
ATTN,0.1,0.8919562697410583,140
ATTN,0.2,0.9038149118423462,140
ATTN,0.3,0.8832480907440186,140
ATTN,0.5,0.8764471411705017,140
ATTN,0.0,0.9388361573219299,141
ATTN,0.05,0.9386476874351501,141
ATTN,0.1,0.9380261898040771,141
ATTN,0.2,0.9432543516159058,141
ATTN,0.3,0.9441513419151306,141
ATTN,0.5,0.9473863840103149,141
ATTN,0.0,0.9444101452827454,142
ATTN,0.05,0.9493958353996277,142
ATTN,0.1,0.949891984462738,142
ATTN,0.2,0.9505969882011414,142
ATTN,0.3,0.9488328099250793,142
ATTN,0.5,0.9483229517936707,142
ATTN,0.0,0.943082332611084,143
ATTN,0.05,0.9432193636894226,143
ATTN,0.1,0.945267915725708,143
ATTN,0.2,0.9431288838386536,143
ATTN,0.3,0.9403946399688721,143
ATTN,0.5,0.938562273979187,143
ATTN,0.0,0.9023446440696716,144
ATTN,0.05,0.9077627062797546,144
ATTN,0.1,0.9010604619979858,144
ATTN,0.2,0.8085169196128845,144
ATTN,0.3,0.7403643727302551,144
ATTN,0.5,0.8856911659240723,144
ATTN,0.0,0.9183847308158875,145
ATTN,0.05,0.9118295907974243,145
ATTN,0.1,0.9030006527900696,145
ATTN,0.2,0.911284327507019,145
ATTN,0.3,0.9082083106040955,145
ATTN,0.5,0.9328023195266724,145
ATTN,0.0,0.9011737108230591,146
ATTN,0.05,0.902493417263031,146
ATTN,0.1,0.9031602144241333,146
ATTN,0.2,0.8382284641265869,146
ATTN,0.3,0.894397497177124,146
ATTN,0.5,0.8610656261444092,146
ATTN,0.0,0.9404168725013733,147
ATTN,0.05,0.9439584016799927,147
ATTN,0.1,0.9447209239006042,147
ATTN,0.2,0.9472724199295044,147
ATTN,0.3,0.9517364501953125,147
ATTN,0.5,0.9536144733428955,147
ATTN,0.0,0.8830543160438538,148
ATTN,0.05,0.8813523650169373,148
ATTN,0.1,0.8981464505195618,148
ATTN,0.2,0.8717026114463806,148
ATTN,0.3,0.9362596273422241,148
ATTN,0.5,0.9367802739143372,148
ATTN,0.0,0.9319347143173218,149
ATTN,0.05,0.9442849159240723,149
ATTN,0.1,0.9476902484893799,149
ATTN,0.2,0.93744295835495,149
ATTN,0.3,0.9355223178863525,149
ATTN,0.5,0.9378983378410339,149
ATTN,0.0,0.9259114861488342,150
ATTN,0.05,0.9322131872177124,150
ATTN,0.1,0.9298366904258728,150
ATTN,0.2,0.93060702085495,150
ATTN,0.3,0.9402557015419006,150
ATTN,0.5,0.9424757361412048,150
ATTN,0.0,0.7157450914382935,151
ATTN,0.05,0.6661277413368225,151
ATTN,0.1,0.7110106348991394,151
ATTN,0.2,0.5491892099380493,151
ATTN,0.3,0.6261716485023499,151
ATTN,0.5,0.681535005569458,151
ATTN,0.0,0.6398042440414429,152
ATTN,0.05,0.7026492953300476,152
ATTN,0.1,0.8050952553749084,152
ATTN,0.2,0.7312330007553101,152
ATTN,0.3,0.6448178291320801,152
ATTN,0.5,0.31010347604751587,152
ATTN,0.0,0.7826579809188843,153
ATTN,0.05,0.7717771530151367,153
ATTN,0.1,0.7968901991844177,153
ATTN,0.2,0.900204062461853,153
ATTN,0.3,0.909609317779541,153
ATTN,0.5,0.8522547483444214,153
ATTN,0.0,0.8508633971214294,154
ATTN,0.05,0.8389250636100769,154
ATTN,0.1,0.8740875720977783,154
ATTN,0.2,0.8647021651268005,154
ATTN,0.3,0.8381754159927368,154
ATTN,0.5,0.9167985916137695,154
ATTN,0.0,0.9712054133415222,155
ATTN,0.05,0.9717130064964294,155
ATTN,0.1,0.9714964032173157,155
ATTN,0.2,0.971825361251831,155
ATTN,0.3,0.9692336916923523,155
ATTN,0.5,0.9588220119476318,155
ATTN,0.0,0.8369829654693604,156
ATTN,0.05,0.8117983937263489,156
ATTN,0.1,0.854138195514679,156
ATTN,0.2,0.8500381112098694,156
ATTN,0.3,0.8528231978416443,156
ATTN,0.5,0.8989877104759216,156
ATTN,0.0,0.9260827898979187,157
ATTN,0.05,0.8655924797058105,157
ATTN,0.1,0.8910411596298218,157
ATTN,0.2,0.9322951436042786,157
ATTN,0.3,0.6619596481323242,157
ATTN,0.5,0.025321412831544876,157
ATTN,0.0,0.5370563864707947,158
ATTN,0.05,0.5981467366218567,158
ATTN,0.1,0.4456203579902649,158
ATTN,0.2,0.303361713886261,158
ATTN,0.3,0.35393255949020386,158
ATTN,0.5,0.28871822357177734,158
ATTN,0.0,0.838064968585968,159
ATTN,0.05,0.7667570114135742,159
ATTN,0.1,0.880604088306427,159
ATTN,0.2,0.9132972955703735,159
ATTN,0.3,0.932517945766449,159
ATTN,0.5,0.9473703503608704,159
ATTN,0.0,0.9271597862243652,160
ATTN,0.05,0.92500239610672,160
ATTN,0.1,0.9220455288887024,160
ATTN,0.2,0.9223220944404602,160
ATTN,0.3,0.9019196033477783,160
ATTN,0.5,0.8708671927452087,160
ATTN,0.0,0.8961795568466187,161
ATTN,0.05,0.9079740643501282,161
ATTN,0.1,0.924350380897522,161
ATTN,0.2,0.9383789896965027,161
ATTN,0.3,0.9400366544723511,161
ATTN,0.5,0.9109736680984497,161
ATTN,0.0,0.5778814554214478,162
ATTN,0.05,0.5210803747177124,162
ATTN,0.1,0.6460152864456177,162
ATTN,0.2,0.7175161838531494,162
ATTN,0.3,0.7892725467681885,162
ATTN,0.5,0.7929111123085022,162
ATTN,0.0,0.9275286197662354,163
ATTN,0.05,0.9265480041503906,163
ATTN,0.1,0.9307580590248108,163
ATTN,0.2,0.9214236736297607,163
ATTN,0.3,0.9055690765380859,163
ATTN,0.5,0.878810465335846,163
ATTN,0.0,0.9272499680519104,164
ATTN,0.05,0.931676983833313,164
ATTN,0.1,0.9289491772651672,164
ATTN,0.2,0.9497489333152771,164
ATTN,0.3,0.9358212351799011,164
ATTN,0.5,0.8912482857704163,164
ATTN,0.0,0.7581220269203186,165
ATTN,0.05,0.5491079092025757,165
ATTN,0.1,0.5866575241088867,165
ATTN,0.2,0.7874716520309448,165
ATTN,0.3,0.4169648289680481,165
ATTN,0.5,0.14663560688495636,165
ATTN,0.0,0.974085807800293,166
ATTN,0.05,0.974339485168457,166
ATTN,0.1,0.9742427468299866,166
ATTN,0.2,0.9739567637443542,166
ATTN,0.3,0.9742311835289001,166
ATTN,0.5,0.97335284948349,166
ATTN,0.0,0.9587846398353577,167
ATTN,0.05,0.9289866089820862,167
ATTN,0.1,0.871171236038208,167
ATTN,0.2,0.9236398339271545,167
ATTN,0.3,0.38996151089668274,167
ATTN,0.5,0.06351841986179352,167
ATTN,0.0,0.9306612014770508,168
ATTN,0.05,0.9346950650215149,168
ATTN,0.1,0.9387809038162231,168
ATTN,0.2,0.9408363699913025,168
ATTN,0.3,0.9408906102180481,168
ATTN,0.5,0.9322710037231445,168
ATTN,0.0,0.913123369216919,169
ATTN,0.05,0.9478404521942139,169
ATTN,0.1,0.9488343000411987,169
ATTN,0.2,0.8989180326461792,169
ATTN,0.3,0.86583411693573,169
ATTN,0.5,0.8092546463012695,169
ATTN,0.0,0.8513403534889221,170
ATTN,0.05,0.8325641751289368,170
ATTN,0.1,0.8249498605728149,170
ATTN,0.2,0.3223976492881775,170
ATTN,0.3,0.18706479668617249,170
ATTN,0.5,0.09608679264783859,170
ATTN,0.0,0.9188323020935059,171
ATTN,0.05,0.8574279546737671,171
ATTN,0.1,0.8982508182525635,171
ATTN,0.2,0.939677894115448,171
ATTN,0.3,0.9374950528144836,171
ATTN,0.5,0.9231191277503967,171
ATTN,0.0,0.49358248710632324,172
ATTN,0.05,0.6396185755729675,172
ATTN,0.1,0.5158836245536804,172
ATTN,0.2,0.7455469369888306,172
ATTN,0.3,0.8026387691497803,172
ATTN,0.5,0.8600392937660217,172
ATTN,0.0,0.8680815696716309,173
ATTN,0.05,0.8613961935043335,173
ATTN,0.1,0.9050053954124451,173
ATTN,0.2,0.8578066825866699,173
ATTN,0.3,0.9165318608283997,173
ATTN,0.5,0.924443781375885,173
ATTN,0.0,0.9364108443260193,174
ATTN,0.05,0.9382323622703552,174
ATTN,0.1,0.9342596530914307,174
ATTN,0.2,0.9358463883399963,174
ATTN,0.3,0.9395077228546143,174
ATTN,0.5,0.9330651164054871,174
ATTN,0.0,0.49441927671432495,175
ATTN,0.05,0.5685883164405823,175
ATTN,0.1,0.6548659205436707,175
ATTN,0.2,0.6216181516647339,175
ATTN,0.3,0.36018526554107666,175
ATTN,0.5,0.3970089256763458,175
ATTN,0.0,0.9363624453544617,176
ATTN,0.05,0.9404663443565369,176
ATTN,0.1,0.9333434104919434,176
ATTN,0.2,0.9333335757255554,176
ATTN,0.3,0.9395262598991394,176
ATTN,0.5,0.7435101866722107,176
ATTN,0.0,0.9107087850570679,177
ATTN,0.05,0.8994657397270203,177
ATTN,0.1,0.9064542055130005,177
ATTN,0.2,0.8664150238037109,177
ATTN,0.3,0.8980333805084229,177
ATTN,0.5,0.9250202178955078,177
ATTN,0.0,0.8321325182914734,178
ATTN,0.05,0.772223711013794,178
ATTN,0.1,0.6927511096000671,178
ATTN,0.2,0.4192214906215668,178
ATTN,0.3,0.6817137002944946,178
ATTN,0.5,0.7755028605461121,178
ATTN,0.0,0.9402958750724792,179
ATTN,0.05,0.9447541236877441,179
ATTN,0.1,0.9481278657913208,179
ATTN,0.2,0.9498853087425232,179
ATTN,0.3,0.9510492086410522,179
ATTN,0.5,0.9494212865829468,179
ATTN,0.0,0.43379661440849304,180
ATTN,0.05,0.3279508948326111,180
ATTN,0.1,0.43570077419281006,180
ATTN,0.2,0.403055876493454,180
ATTN,0.3,0.2573166489601135,180
ATTN,0.5,0.034488484263420105,180
ATTN,0.0,0.8496931195259094,181
ATTN,0.05,0.8449161648750305,181
ATTN,0.1,0.8371574282646179,181
ATTN,0.2,0.8356398344039917,181
ATTN,0.3,0.7878616452217102,181
ATTN,0.5,0.7010339498519897,181
ATTN,0.0,0.7059043049812317,182
ATTN,0.05,0.7999633550643921,182
ATTN,0.1,0.7884484529495239,182
ATTN,0.2,0.3995198905467987,182
ATTN,0.3,0.21714946627616882,182
ATTN,0.5,0.807488203048706,182
ATTN,0.0,0.9390152096748352,183
ATTN,0.05,0.9393290877342224,183
ATTN,0.1,0.9374202489852905,183
ATTN,0.2,0.9435466527938843,183
ATTN,0.3,0.944564163684845,183
ATTN,0.5,0.9321268796920776,183
ATTN,0.0,0.8941765427589417,184
ATTN,0.05,0.8860353827476501,184
ATTN,0.1,0.8690161108970642,184
ATTN,0.2,0.8941782712936401,184
ATTN,0.3,0.9349505305290222,184
ATTN,0.5,0.9358806610107422,184
ATTN,0.0,0.9384534358978271,185
ATTN,0.05,0.931239664554596,185
ATTN,0.1,0.9272587895393372,185
ATTN,0.2,0.937798023223877,185
ATTN,0.3,0.9386308789253235,185
ATTN,0.5,0.9425545334815979,185
ATTN,0.0,0.9625411629676819,186
ATTN,0.05,0.9619590640068054,186
ATTN,0.1,0.9649868011474609,186
ATTN,0.2,0.962578296661377,186
ATTN,0.3,0.8700860142707825,186
ATTN,0.5,0.8099372982978821,186
ATTN,0.0,0.9363961815834045,187
ATTN,0.05,0.9372205138206482,187
ATTN,0.1,0.9362055063247681,187
ATTN,0.2,0.9281023740768433,187
ATTN,0.3,0.9194943904876709,187
ATTN,0.5,0.8830405473709106,187
ATTN,0.0,0.9586875438690186,188
ATTN,0.05,0.9422947764396667,188
ATTN,0.1,0.9379416704177856,188
ATTN,0.2,0.9529466032981873,188
ATTN,0.3,0.971481442451477,188
ATTN,0.5,0.9719091057777405,188
ATTN,0.0,0.8985442519187927,189
ATTN,0.05,0.9243006706237793,189
ATTN,0.1,0.9308341145515442,189
ATTN,0.2,0.9190621376037598,189
ATTN,0.3,0.7601659893989563,189
ATTN,0.5,0.5396233797073364,189
ATTN,0.0,0.9425753951072693,190
ATTN,0.05,0.9419665932655334,190
ATTN,0.1,0.9403404593467712,190
ATTN,0.2,0.9419500827789307,190
ATTN,0.3,0.9410647749900818,190
ATTN,0.5,0.9310018420219421,190
ATTN,0.0,0.970463752746582,191
ATTN,0.05,0.9699848294258118,191
ATTN,0.1,0.9704493880271912,191
ATTN,0.2,0.9696289300918579,191
ATTN,0.3,0.9399154186248779,191
ATTN,0.5,0.9357078671455383,191
ATTN,0.0,0.9547934532165527,192
ATTN,0.05,0.9306817650794983,192
ATTN,0.1,0.9498579502105713,192
ATTN,0.2,0.9585432410240173,192
ATTN,0.3,0.9613575339317322,192
ATTN,0.5,0.9715445637702942,192
ATTN,0.0,0.6534385085105896,193
ATTN,0.05,0.579295814037323,193
ATTN,0.1,0.11472926288843155,193
ATTN,0.2,0.07992681860923767,193
ATTN,0.3,0.5511868596076965,193
ATTN,0.5,0.11417433619499207,193
ATTN,0.0,0.8190057277679443,194
ATTN,0.05,0.8088374137878418,194
ATTN,0.1,0.7754481434822083,194
ATTN,0.2,0.8038747906684875,194
ATTN,0.3,0.7173497676849365,194
ATTN,0.5,0.5210955142974854,194
ATTN,0.0,0.8798774480819702,195
ATTN,0.05,0.8659785985946655,195
ATTN,0.1,0.9183645248413086,195
ATTN,0.2,0.7592287659645081,195
ATTN,0.3,0.8020253777503967,195
ATTN,0.5,0.8784308433532715,195
ATTN,0.0,0.9447510242462158,196
ATTN,0.05,0.9551213979721069,196
ATTN,0.1,0.9550260901451111,196
ATTN,0.2,0.9608879089355469,196
ATTN,0.3,0.948540210723877,196
ATTN,0.5,0.9408456683158875,196
ATTN,0.0,0.5958080291748047,197
ATTN,0.05,0.7779893279075623,197
ATTN,0.1,0.8521933555603027,197
ATTN,0.2,0.7306085228919983,197
ATTN,0.3,0.8605939745903015,197
ATTN,0.5,0.5884732007980347,197
ATTN,0.0,0.9413022398948669,198
ATTN,0.05,0.9407685995101929,198
ATTN,0.1,0.9451730251312256,198
ATTN,0.2,0.9429377317428589,198
ATTN,0.3,0.9450364112854004,198
ATTN,0.5,0.9306690692901611,198
ATTN,0.0,0.9654040336608887,199
ATTN,0.05,0.9596629738807678,199
ATTN,0.1,0.9583836793899536,199
ATTN,0.2,0.9342469573020935,199
ATTN,0.3,0.9000034332275391,199
ATTN,0.5,0.801101803779602,199
