industry,ticker,lag_order,n_obs,p_sent_to_ret,p_ret_to_sent
Communication Services,XLC,1,55,0.8883370030855905,0.4886070597582083
Consumer Cyclical,XLY,1,52,0.779328167839832,0.7271703784620149
Energy,XLE,1,27,0.3043469056907534,0.49304210734220466
Financial Services,XLF,1,37,0.7537110661827978,0.2998431592627929
Healthcare,XLV,1,45,0.6328106015676532,0.833774205887311
Industrials,XLI,1,34,0.6211229330593544,0.584188256216291
Real Estate,XLRE,1,26,0.5707141928945159,0.05924989707411334
Utilities,XLU,1,25,0.8486751753658981,0.0005697764086229632
Technology,XLK,1,78,0.2739780243721888,0.004113054969357777
